ProveedorID,Proveedor
2,"IRA GOLDMAN AND WILLIAMS, LLP          "
54,AAPER ALCOHOL & CHEMICAL CO
60,ADAMBA IMPORTS INTL INC    
105,ALTAMAR BRANDS LLC         
200,AMERICAN SPIRITS EXCHANGE  
287,APPOLO VINEYARDS LLC       
388,ATLANTIC IMPORTING COMPANY 
480,BACARDI USA INC            
516,BANFI PRODUCTS CORP        
653,STATE WINE & SPIRITS   
660,SAZERAC NORTH AMERICA INC. 
1003,BRONCO WINE COMPANY        
1128,BROWN-FORMAN CORP          
1189,BULLY BOY DISTILLERS       
1265,BLACK ROCK SPIRITS LLC     
1273,CALEDONIA SPIRITS INC      
1392,CONSTELLATION BRANDS INC   
1439,CAPSTONE INTERNATIONAL     
1485,CASTLE BRANDS CORP.        
1587,VINEYARD BRANDS INC        
1590,DIAGEO CHATEAU ESTATE WINES
1601,VRANKEN AMERICA            
1650,Circa Wines                
1655,FABRIZIA SPIRITS LLC       
1703,ALISA CARR BEVERAGES           
2000,SOUTHERN WINE & SPIRITS NE 
2242,DELICATO VINEYARDS INC     
2396,BLACK PRINCE DISTILLERY INC
2450,DJINN SPIRITS LLC          
2496,DUGGANS DISTILLED PRODUCTS 
2555,DISARONNO INTERNATIONAL LLC
2561,EDRINGTON AMERICAS         
2876,CENTEUR IMPORTS LLC        
3089,SIDNEY FRANK IMPORTING CO  
3252,E & J GALLO WINERY         
3551,GILMANTON WINERY & VINEYARD
3664,WILLIAM GRANT & SONS INC   
3924,HEAVEN HILL DISTILLERIES   
3950,"HOOD RIVER DISTILLERS, Inc."
3951,HIGHLAND WINE MERCHANTS LLC
3960,DIAGEO NORTH AMERICA INC   
4380,CHARLES JACQUIN ET CIE INC 
4425,MARTIGNETTI COMPANIES 
4466,AMERICAN VINTAGE BEVERAGE  
4550,KLIN SPIRITS LLC           
4692,KOBRAND CORPORATION        
4848,LAIRD & CO                 
4901,LAUREATE IMPORTS CO        
4950,LATITUDE BEVERAGE COMPANY  
5083,LOYAL DOG WINERY           
5270,MANGO BOTTLING INC         
5455,MARSALLE COMPANY           
5612,MILTONS DISTRIBUTING CO    
5992,MCCORMICK DISTILLING CO    
6213,MHW LTD                    
6215,MOONLIGHT MEADERY          
6280,UNCORKED       
6355,NICHE W & S                
6359,OLE SMOKY DISTILLERY LLC   
6785,PALM BAY INTERNATIONAL INC 
6830,PARK STREET IMPORTS LLC    
7153,PINE STATE TRADING CO      
7154,PREMIER DISTRIBUTORS       
7239,REMY COINTREAU USA INC     
7240,"PREMIUM PORT WINES, INC.   "
7245,PROXIMO SPIRITS INC.       
7255,PSP WINES 
7749,R.P.IMPORTS INC            
8004,SAZERAC CO INC             
8112,MOET HENNESSY USA INC      
8150,SEA HAGG DISTILLERY LLC    
8320,SHAW ROSS INT L IMP LTD    
8352,LUXCO INC                  
8663,STAR INDUSTRIES INC.       
8664,"STOLI GROUP,(USA) LLC      "
8673,STE MICHELLE WINE ESTATES  
8735,SURVILLE ENTERPRISES CORP  
8892,TRINCHERO FAMILY ESTATES   
8920,TAKARA SAKE USA INC        
9099,TRUETT HURST               
9165,ULTRA BEVERAGE COMPANY LLP 
9206,PHILLIPS PRODUCTS CO.      
9260,TY KU LLC                  
9552,M S WALKER INC             
9622,WEIN BAUER INC             
9625,WESTERN SPIRITS BEVERAGE CO
9744,FREDERICK WILDMAN & SONS   
9751,VINEDREA WINES LLC         
9815,WINE GROUP INC             
9819,TREASURY WINE ESTATES      
10000,MAJESTIC FINE WINES        
10050,Russian Standard Vodka     
10754,PERFECTA WINES             
11567,CAMPARI AMERICA            
12331,STELLAR IMPORTING CO LLC   
12546,JIM BEAM BRANDS COMPANY    
17031,FLAG HILL WINERY & VINEYARD
17032,JEWELL TOWNE VINEYARDS     
17033,SEA BREEZE CELLARS LLC     
17035,PERNOD RICARD USA          
17037,Dunn Wine Brokers          
28750,SMOKY QUARTZ DISTILLERY LLC
28776,TALL SHIP DISTILLERY LLC   
90010,VINEXTRA INC               
90011,FORTUNE WINE BROKERS LLC   
90017,THE IMPORTED GRAPE LLC     
90024,VINILANDIA USA             
90026,SILVER MOUNTAIN CIDERS     
90027,POVERTY LANE ORCHARDS      
90032,LABELLE VYDS AND WINERY    
90033,FANTASY FINE WINES CORP    
90037,THE PIERPONT GROUP LLC     
90046,CANDIA VINEYARDS           
90047,CRUSH WINES                
90051,FULCHINO VINEYARD INC      
90052,HAUNTING WHISPER VYDS      
90053,INCREDIBREW INC            
90056,SWEET BABY VINEYARD        
90057,WALPOLE MTN VIEW WINERY    
90058,ZORVINO VINEYARDS          
90059,BLACK COVE BEVERAGES       
98450,Serralles Usa LLC          
99166,STARK BREWING COMPANY      
172662,SWEETWATER FARM         
173357,TAMWORTH DISTILLING        
201359,FLAVOR ESSENCE INC         
